{
  "title": "Home Depot",
  "artist": "Home Depot",
  "difficulty": "Normal",
  "difficultyRating": 6,
  "bpm": 120,
  "offset": 0,
  "length": 31,
  "noteCount": 174,
  "notes": [
    {
      "time": 0.975,
      "lane": 1
    },
    {
      "time": 0.975,
      "lane": 3
    },
    {
      "time": 1.162,
      "lane": 1
    },
    {
      "time": 1.474,
      "lane": 0
    },
    {
      "time": 1.474,
      "lane": 3
    },
    {
      "time": 1.599,
      "lane": 0
    },
    {
      "time": 1.724,
      "lane": 1
    },
    {
      "time": 1.724,
      "lane": 3
    },
    {
      "time": 1.974,
      "lane": 1
    },
    {
      "time": 2.099,
      "lane": 3
    },
    {
      "time": 2.223,
      "lane": 0
    },
    {
      "time": 2.411,
      "lane": 2
    },
    {
      "time": 2.66,
      "lane": 1
    },
    {
      "time": 2.847,
      "lane": 3
    },
    {
      "time": 2.972,
      "lane": 0
    },
    {
      "time": 2.972,
      "lane": 3
    },
    {
      "time": 3.097,
      "lane": 1
    },
    {
      "time": 3.222,
      "lane": 0
    },
    {
      "time": 3.222,
      "lane": 2
    },
    {
      "time": 3.347,
      "lane": 0
    },
    {
      "time": 3.347,
      "lane": 1
    },
    {
      "time": 3.596,
      "lane": 2
    },
    {
      "time": 3.721,
      "lane": 2
    },
    {
      "time": 3.846,
      "lane": 2
    },
    {
      "time": 4.158,
      "lane": 2
    },
    {
      "time": 4.407,
      "lane": 2
    },
    {
      "time": 4.657,
      "lane": 2
    },
    {
      "time": 4.969,
      "lane": 1
    },
    {
      "time": 4.969,
      "lane": 3
    },
    {
      "time": 5.156,
      "lane": 3
    },
    {
      "time": 5.343,
      "lane": 1
    },
    {
      "time": 5.593,
      "lane": 3
    },
    {
      "time": 5.718,
      "lane": 0
    },
    {
      "time": 5.718,
      "lane": 2
    },
    {
      "time": 5.968,
      "lane": 1
    },
    {
      "time": 5.968,
      "lane": 3
    },
    {
      "time": 6.095,
      "lane": 0
    },
    {
      "time": 6.223,
      "lane": 0
    },
    {
      "time": 6.223,
      "lane": 3
    },
    {
      "time": 6.478,
      "lane": 0
    },
    {
      "time": 6.478,
      "lane": 3
    },
    {
      "time": 6.6,
      "lane": 0
    },
    {
      "time": 6.966,
      "lane": 0
    },
    {
      "time": 6.966,
      "lane": 3
    },
    {
      "time": 7.091,
      "lane": 1
    },
    {
      "time": 7.216,
      "lane": 0
    },
    {
      "time": 7.216,
      "lane": 1
    },
    {
      "time": 7.465,
      "lane": 0
    },
    {
      "time": 7.465,
      "lane": 2
    },
    {
      "time": 7.652,
      "lane": 3
    },
    {
      "time": 7.964,
      "lane": 2
    },
    {
      "time": 8.156,
      "lane": 2
    },
    {
      "time": 8.475,
      "lane": 2
    },
    {
      "time": 8.475,
      "lane": 3
    },
    {
      "time": 8.658,
      "lane": 0
    },
    {
      "time": 8.963,
      "lane": 0
    },
    {
      "time": 8.963,
      "lane": 1
    },
    {
      "time": 9.154,
      "lane": 1
    },
    {
      "time": 9.154,
      "lane": 3
    },
    {
      "time": 9.41,
      "lane": 3
    },
    {
      "time": 9.661,
      "lane": 0
    },
    {
      "time": 9.661,
      "lane": 3
    },
    {
      "time": 9.911,
      "lane": 1
    },
    {
      "time": 10.16,
      "lane": 1
    },
    {
      "time": 10.41,
      "lane": 3
    },
    {
      "time": 10.659,
      "lane": 0
    },
    {
      "time": 10.971,
      "lane": 2
    },
    {
      "time": 11.096,
      "lane": 0
    },
    {
      "time": 11.408,
      "lane": 1
    },
    {
      "time": 11.408,
      "lane": 3
    },
    {
      "time": 11.658,
      "lane": 0
    },
    {
      "time": 11.658,
      "lane": 1
    },
    {
      "time": 11.907,
      "lane": 3
    },
    {
      "time": 12.157,
      "lane": 1
    },
    {
      "time": 12.157,
      "lane": 3
    },
    {
      "time": 12.407,
      "lane": 0
    },
    {
      "time": 12.407,
      "lane": 3
    },
    {
      "time": 12.53,
      "lane": 0
    },
    {
      "time": 12.652,
      "lane": 0
    },
    {
      "time": 12.652,
      "lane": 2
    },
    {
      "time": 12.896,
      "lane": 0
    },
    {
      "time": 13.196,
      "lane": 2
    },
    {
      "time": 13.436,
      "lane": 0
    },
    {
      "time": 13.675,
      "lane": 1
    },
    {
      "time": 13.915,
      "lane": 0
    },
    {
      "time": 14.106,
      "lane": 0
    },
    {
      "time": 14.106,
      "lane": 3
    },
    {
      "time": 14.353,
      "lane": 0
    },
    {
      "time": 14.353,
      "lane": 1
    },
    {
      "time": 14.71,
      "lane": 0
    },
    {
      "time": 14.71,
      "lane": 2
    },
    {
      "time": 14.901,
      "lane": 2
    },
    {
      "time": 15.157,
      "lane": 0
    },
    {
      "time": 15.157,
      "lane": 2
    },
    {
      "time": 15.408,
      "lane": 1
    },
    {
      "time": 15.658,
      "lane": 2
    },
    {
      "time": 15.907,
      "lane": 1
    },
    {
      "time": 16.219,
      "lane": 3
    },
    {
      "time": 16.406,
      "lane": 0
    },
    {
      "time": 16.406,
      "lane": 1
    },
    {
      "time": 16.531,
      "lane": 3
    },
    {
      "time": 16.656,
      "lane": 2
    },
    {
      "time": 16.906,
      "lane": 3
    },
    {
      "time": 17.218,
      "lane": 0
    },
    {
      "time": 17.218,
      "lane": 3
    },
    {
      "time": 17.405,
      "lane": 1
    },
    {
      "time": 17.717,
      "lane": 1
    },
    {
      "time": 17.717,
      "lane": 2
    },
    {
      "time": 17.904,
      "lane": 3
    },
    {
      "time": 18.216,
      "lane": 1
    },
    {
      "time": 18.216,
      "lane": 3
    },
    {
      "time": 18.403,
      "lane": 2
    },
    {
      "time": 18.403,
      "lane": 3
    },
    {
      "time": 18.715,
      "lane": 1
    },
    {
      "time": 18.902,
      "lane": 3
    },
    {
      "time": 19.09,
      "lane": 0
    },
    {
      "time": 19.215,
      "lane": 2
    },
    {
      "time": 19.402,
      "lane": 0
    },
    {
      "time": 19.714,
      "lane": 0
    },
    {
      "time": 19.901,
      "lane": 0
    },
    {
      "time": 20.213,
      "lane": 1
    },
    {
      "time": 20.213,
      "lane": 2
    },
    {
      "time": 20.463,
      "lane": 2
    },
    {
      "time": 20.712,
      "lane": 2
    },
    {
      "time": 20.712,
      "lane": 3
    },
    {
      "time": 20.962,
      "lane": 1
    },
    {
      "time": 20.962,
      "lane": 3
    },
    {
      "time": 21.211,
      "lane": 1
    },
    {
      "time": 21.211,
      "lane": 2
    },
    {
      "time": 21.399,
      "lane": 0
    },
    {
      "time": 21.711,
      "lane": 0
    },
    {
      "time": 21.711,
      "lane": 3
    },
    {
      "time": 21.902,
      "lane": 0
    },
    {
      "time": 22.158,
      "lane": 1
    },
    {
      "time": 22.158,
      "lane": 3
    },
    {
      "time": 22.409,
      "lane": 1
    },
    {
      "time": 22.596,
      "lane": 0
    },
    {
      "time": 22.596,
      "lane": 2
    },
    {
      "time": 22.908,
      "lane": 3
    },
    {
      "time": 23.095,
      "lane": 2
    },
    {
      "time": 23.407,
      "lane": 1
    },
    {
      "time": 23.657,
      "lane": 3
    },
    {
      "time": 23.906,
      "lane": 0
    },
    {
      "time": 24.156,
      "lane": 1
    },
    {
      "time": 24.406,
      "lane": 0
    },
    {
      "time": 24.406,
      "lane": 1
    },
    {
      "time": 24.593,
      "lane": 3
    },
    {
      "time": 24.905,
      "lane": 2
    },
    {
      "time": 25.154,
      "lane": 1
    },
    {
      "time": 25.404,
      "lane": 1
    },
    {
      "time": 25.654,
      "lane": 0
    },
    {
      "time": 25.654,
      "lane": 3
    },
    {
      "time": 25.903,
      "lane": 0
    },
    {
      "time": 26.215,
      "lane": 1
    },
    {
      "time": 26.215,
      "lane": 2
    },
    {
      "time": 26.403,
      "lane": 3
    },
    {
      "time": 26.59,
      "lane": 3
    },
    {
      "time": 26.715,
      "lane": 0
    },
    {
      "time": 26.715,
      "lane": 3
    },
    {
      "time": 26.902,
      "lane": 1
    },
    {
      "time": 27.089,
      "lane": 0
    },
    {
      "time": 27.401,
      "lane": 2
    },
    {
      "time": 27.713,
      "lane": 0
    },
    {
      "time": 27.9,
      "lane": 2
    },
    {
      "time": 28.212,
      "lane": 2
    },
    {
      "time": 28.399,
      "lane": 2
    },
    {
      "time": 28.649,
      "lane": 1
    },
    {
      "time": 28.649,
      "lane": 2
    },
    {
      "time": 28.903,
      "lane": 2
    },
    {
      "time": 28.903,
      "lane": 3
    },
    {
      "time": 29.158,
      "lane": 1
    },
    {
      "time": 29.41,
      "lane": 3
    },
    {
      "time": 29.534,
      "lane": 1
    },
    {
      "time": 29.659,
      "lane": 3
    }
  ]
}