{
  "title": "Mii Plaza Theme",
  "artist": "Nintendo",
  "difficulty": "Normal",
  "difficultyRating": 4,
  "bpm": 112,
  "offset": 0,
  "length": 115,
  "noteCount": 252,
  "notes": [
    {
      "time": 0.813,
      "lane": 1
    },
    {
      "time": 1.347,
      "lane": 1
    },
    {
      "time": 1.347,
      "lane": 2
    },
    {
      "time": 1.858,
      "lane": 2
    },
    {
      "time": 2.125,
      "lane": 1
    },
    {
      "time": 2.392,
      "lane": 3
    },
    {
      "time": 2.647,
      "lane": 2
    },
    {
      "time": 3.971,
      "lane": 3
    },
    {
      "time": 4.505,
      "lane": 2
    },
    {
      "time": 4.76,
      "lane": 3
    },
    {
      "time": 5.016,
      "lane": 0
    },
    {
      "time": 5.55,
      "lane": 1
    },
    {
      "time": 6.084,
      "lane": 0
    },
    {
      "time": 6.084,
      "lane": 2
    },
    {
      "time": 7.001,
      "lane": 1
    },
    {
      "time": 7.256,
      "lane": 0
    },
    {
      "time": 7.256,
      "lane": 1
    },
    {
      "time": 8.307,
      "lane": 3
    },
    {
      "time": 8.841,
      "lane": 2
    },
    {
      "time": 9.242,
      "lane": 2
    },
    {
      "time": 9.752,
      "lane": 0
    },
    {
      "time": 10.286,
      "lane": 0
    },
    {
      "time": 10.286,
      "lane": 3
    },
    {
      "time": 10.82,
      "lane": 0
    },
    {
      "time": 11.326,
      "lane": 1
    },
    {
      "time": 12.121,
      "lane": 3
    },
    {
      "time": 12.655,
      "lane": 0
    },
    {
      "time": 13.166,
      "lane": 0
    },
    {
      "time": 14.211,
      "lane": 2
    },
    {
      "time": 14.745,
      "lane": 1
    },
    {
      "time": 15.813,
      "lane": 2
    },
    {
      "time": 16.266,
      "lane": 0
    },
    {
      "time": 17.322,
      "lane": 1
    },
    {
      "time": 17.624,
      "lane": 3
    },
    {
      "time": 18.158,
      "lane": 2
    },
    {
      "time": 18.692,
      "lane": 1
    },
    {
      "time": 19.226,
      "lane": 0
    },
    {
      "time": 19.888,
      "lane": 1
    },
    {
      "time": 20.271,
      "lane": 3
    },
    {
      "time": 20.933,
      "lane": 2
    },
    {
      "time": 21.316,
      "lane": 0
    },
    {
      "time": 21.85,
      "lane": 0
    },
    {
      "time": 21.85,
      "lane": 2
    },
    {
      "time": 22.361,
      "lane": 0
    },
    {
      "time": 22.361,
      "lane": 3
    },
    {
      "time": 22.895,
      "lane": 0
    },
    {
      "time": 23.963,
      "lane": 2
    },
    {
      "time": 25.136,
      "lane": 3
    },
    {
      "time": 25.519,
      "lane": 3
    },
    {
      "time": 25.786,
      "lane": 0
    },
    {
      "time": 26.053,
      "lane": 1
    },
    {
      "time": 26.587,
      "lane": 0
    },
    {
      "time": 27.098,
      "lane": 2
    },
    {
      "time": 27.632,
      "lane": 3
    },
    {
      "time": 28.015,
      "lane": 2
    },
    {
      "time": 28.677,
      "lane": 2
    },
    {
      "time": 28.677,
      "lane": 3
    },
    {
      "time": 29.211,
      "lane": 3
    },
    {
      "time": 29.722,
      "lane": 2
    },
    {
      "time": 29.722,
      "lane": 3
    },
    {
      "time": 31.3,
      "lane": 2
    },
    {
      "time": 31.568,
      "lane": 2
    },
    {
      "time": 31.835,
      "lane": 3
    },
    {
      "time": 32.102,
      "lane": 0
    },
    {
      "time": 32.369,
      "lane": 1
    },
    {
      "time": 34.638,
      "lane": 2
    },
    {
      "time": 35.167,
      "lane": 2
    },
    {
      "time": 35.167,
      "lane": 3
    },
    {
      "time": 35.422,
      "lane": 0
    },
    {
      "time": 35.677,
      "lane": 1
    },
    {
      "time": 36.188,
      "lane": 1
    },
    {
      "time": 36.571,
      "lane": 3
    },
    {
      "time": 36.955,
      "lane": 1
    },
    {
      "time": 37.616,
      "lane": 2
    },
    {
      "time": 38.15,
      "lane": 0
    },
    {
      "time": 38.534,
      "lane": 3
    },
    {
      "time": 38.795,
      "lane": 0
    },
    {
      "time": 39.062,
      "lane": 1
    },
    {
      "time": 39.062,
      "lane": 3
    },
    {
      "time": 39.323,
      "lane": 1
    },
    {
      "time": 39.578,
      "lane": 2
    },
    {
      "time": 39.578,
      "lane": 3
    },
    {
      "time": 39.973,
      "lane": 2
    },
    {
      "time": 40.507,
      "lane": 0
    },
    {
      "time": 40.774,
      "lane": 1
    },
    {
      "time": 41.157,
      "lane": 3
    },
    {
      "time": 41.819,
      "lane": 1
    },
    {
      "time": 42.353,
      "lane": 3
    },
    {
      "time": 42.864,
      "lane": 0
    },
    {
      "time": 43.131,
      "lane": 2
    },
    {
      "time": 43.532,
      "lane": 1
    },
    {
      "time": 44.066,
      "lane": 1
    },
    {
      "time": 44.594,
      "lane": 0
    },
    {
      "time": 44.594,
      "lane": 1
    },
    {
      "time": 44.977,
      "lane": 1
    },
    {
      "time": 44.977,
      "lane": 2
    },
    {
      "time": 45.36,
      "lane": 0
    },
    {
      "time": 46.022,
      "lane": 1
    },
    {
      "time": 46.022,
      "lane": 3
    },
    {
      "time": 46.556,
      "lane": 0
    },
    {
      "time": 46.939,
      "lane": 0
    },
    {
      "time": 47.2,
      "lane": 1
    },
    {
      "time": 47.601,
      "lane": 3
    },
    {
      "time": 47.984,
      "lane": 1
    },
    {
      "time": 48.245,
      "lane": 0
    },
    {
      "time": 48.779,
      "lane": 1
    },
    {
      "time": 49.18,
      "lane": 2
    },
    {
      "time": 49.691,
      "lane": 3
    },
    {
      "time": 50.091,
      "lane": 1
    },
    {
      "time": 50.358,
      "lane": 2
    },
    {
      "time": 50.759,
      "lane": 1
    },
    {
      "time": 51.27,
      "lane": 2
    },
    {
      "time": 51.537,
      "lane": 3
    },
    {
      "time": 51.804,
      "lane": 0
    },
    {
      "time": 52.471,
      "lane": 1
    },
    {
      "time": 53.0,
      "lane": 1
    },
    {
      "time": 53.0,
      "lane": 3
    },
    {
      "time": 53.383,
      "lane": 2
    },
    {
      "time": 53.894,
      "lane": 0
    },
    {
      "time": 53.894,
      "lane": 1
    },
    {
      "time": 54.428,
      "lane": 2
    },
    {
      "time": 54.938,
      "lane": 2
    },
    {
      "time": 55.205,
      "lane": 3
    },
    {
      "time": 56.541,
      "lane": 0
    },
    {
      "time": 57.051,
      "lane": 2
    },
    {
      "time": 57.318,
      "lane": 1
    },
    {
      "time": 57.585,
      "lane": 3
    },
    {
      "time": 58.096,
      "lane": 0
    },
    {
      "time": 58.63,
      "lane": 2
    },
    {
      "time": 59.164,
      "lane": 3
    },
    {
      "time": 59.548,
      "lane": 3
    },
    {
      "time": 59.931,
      "lane": 0
    },
    {
      "time": 60.854,
      "lane": 3
    },
    {
      "time": 61.388,
      "lane": 1
    },
    {
      "time": 61.788,
      "lane": 0
    },
    {
      "time": 62.322,
      "lane": 1
    },
    {
      "time": 62.322,
      "lane": 2
    },
    {
      "time": 62.833,
      "lane": 3
    },
    {
      "time": 63.367,
      "lane": 0
    },
    {
      "time": 63.367,
      "lane": 2
    },
    {
      "time": 63.872,
      "lane": 0
    },
    {
      "time": 64.668,
      "lane": 1
    },
    {
      "time": 65.202,
      "lane": 0
    },
    {
      "time": 65.202,
      "lane": 2
    },
    {
      "time": 65.736,
      "lane": 3
    },
    {
      "time": 66.781,
      "lane": 1
    },
    {
      "time": 67.315,
      "lane": 0
    },
    {
      "time": 68.36,
      "lane": 0
    },
    {
      "time": 68.36,
      "lane": 3
    },
    {
      "time": 68.812,
      "lane": 1
    },
    {
      "time": 69.88,
      "lane": 2
    },
    {
      "time": 70.194,
      "lane": 3
    },
    {
      "time": 70.728,
      "lane": 1
    },
    {
      "time": 70.728,
      "lane": 2
    },
    {
      "time": 71.239,
      "lane": 2
    },
    {
      "time": 71.773,
      "lane": 0
    },
    {
      "time": 72.04,
      "lane": 2
    },
    {
      "time": 72.435,
      "lane": 0
    },
    {
      "time": 72.818,
      "lane": 2
    },
    {
      "time": 73.085,
      "lane": 2
    },
    {
      "time": 73.607,
      "lane": 2
    },
    {
      "time": 73.863,
      "lane": 1
    },
    {
      "time": 74.13,
      "lane": 0
    },
    {
      "time": 74.13,
      "lane": 2
    },
    {
      "time": 74.931,
      "lane": 3
    },
    {
      "time": 75.442,
      "lane": 1
    },
    {
      "time": 76.51,
      "lane": 0
    },
    {
      "time": 77.706,
      "lane": 1
    },
    {
      "time": 78.089,
      "lane": 3
    },
    {
      "time": 78.6,
      "lane": 0
    },
    {
      "time": 79.134,
      "lane": 2
    },
    {
      "time": 79.134,
      "lane": 3
    },
    {
      "time": 79.668,
      "lane": 1
    },
    {
      "time": 80.051,
      "lane": 3
    },
    {
      "time": 80.312,
      "lane": 0
    },
    {
      "time": 80.713,
      "lane": 1
    },
    {
      "time": 81.223,
      "lane": 0
    },
    {
      "time": 81.757,
      "lane": 2
    },
    {
      "time": 82.024,
      "lane": 1
    },
    {
      "time": 82.292,
      "lane": 0
    },
    {
      "time": 83.87,
      "lane": 2
    },
    {
      "time": 84.405,
      "lane": 0
    },
    {
      "time": 84.405,
      "lane": 1
    },
    {
      "time": 84.915,
      "lane": 0
    },
    {
      "time": 87.185,
      "lane": 1
    },
    {
      "time": 87.452,
      "lane": 1
    },
    {
      "time": 87.719,
      "lane": 3
    },
    {
      "time": 88.247,
      "lane": 3
    },
    {
      "time": 88.752,
      "lane": 0
    },
    {
      "time": 89.118,
      "lane": 1
    },
    {
      "time": 89.118,
      "lane": 2
    },
    {
      "time": 89.519,
      "lane": 0
    },
    {
      "time": 90.163,
      "lane": 0
    },
    {
      "time": 90.564,
      "lane": 2
    },
    {
      "time": 90.825,
      "lane": 2
    },
    {
      "time": 91.08,
      "lane": 2
    },
    {
      "time": 91.341,
      "lane": 0
    },
    {
      "time": 91.341,
      "lane": 2
    },
    {
      "time": 91.609,
      "lane": 2
    },
    {
      "time": 92.009,
      "lane": 1
    },
    {
      "time": 92.41,
      "lane": 3
    },
    {
      "time": 92.938,
      "lane": 0
    },
    {
      "time": 93.321,
      "lane": 3
    },
    {
      "time": 93.855,
      "lane": 1
    },
    {
      "time": 94.238,
      "lane": 0
    },
    {
      "time": 94.238,
      "lane": 3
    },
    {
      "time": 94.499,
      "lane": 0
    },
    {
      "time": 94.766,
      "lane": 1
    },
    {
      "time": 95.033,
      "lane": 2
    },
    {
      "time": 95.434,
      "lane": 1
    },
    {
      "time": 95.835,
      "lane": 0
    },
    {
      "time": 95.835,
      "lane": 1
    },
    {
      "time": 96.096,
      "lane": 3
    },
    {
      "time": 96.612,
      "lane": 0
    },
    {
      "time": 97.141,
      "lane": 2
    },
    {
      "time": 97.524,
      "lane": 3
    },
    {
      "time": 97.924,
      "lane": 0
    },
    {
      "time": 98.458,
      "lane": 1
    },
    {
      "time": 98.975,
      "lane": 3
    },
    {
      "time": 99.236,
      "lane": 0
    },
    {
      "time": 99.637,
      "lane": 3
    },
    {
      "time": 100.148,
      "lane": 2
    },
    {
      "time": 100.403,
      "lane": 2
    },
    {
      "time": 100.659,
      "lane": 3
    },
    {
      "time": 101.46,
      "lane": 2
    },
    {
      "time": 101.727,
      "lane": 2
    },
    {
      "time": 102.261,
      "lane": 3
    },
    {
      "time": 102.661,
      "lane": 0
    },
    {
      "time": 102.661,
      "lane": 1
    },
    {
      "time": 102.928,
      "lane": 2
    },
    {
      "time": 103.329,
      "lane": 1
    },
    {
      "time": 103.712,
      "lane": 3
    },
    {
      "time": 103.967,
      "lane": 0
    },
    {
      "time": 104.35,
      "lane": 1
    },
    {
      "time": 104.618,
      "lane": 0
    },
    {
      "time": 105.018,
      "lane": 3
    },
    {
      "time": 105.546,
      "lane": 0
    },
    {
      "time": 105.929,
      "lane": 3
    },
    {
      "time": 106.463,
      "lane": 2
    },
    {
      "time": 106.974,
      "lane": 3
    },
    {
      "time": 107.241,
      "lane": 0
    },
    {
      "time": 107.508,
      "lane": 1
    },
    {
      "time": 107.775,
      "lane": 0
    },
    {
      "time": 109.111,
      "lane": 0
    },
    {
      "time": 109.621,
      "lane": 2
    },
    {
      "time": 109.877,
      "lane": 3
    },
    {
      "time": 110.132,
      "lane": 0
    },
    {
      "time": 110.666,
      "lane": 3
    },
    {
      "time": 111.2,
      "lane": 2
    },
    {
      "time": 112.216,
      "lane": 1
    },
    {
      "time": 113.569,
      "lane": 0
    },
    {
      "time": 114.103,
      "lane": 0
    }
  ]
}