{
  "title": "Mii Plaza",
  "artist": "Nintendo",
  "difficulty": "Normal",
  "difficultyRating": 4,
  "bpm": 115,
  "offset": 0,
  "length": 115,
  "noteCount": 631,
  "notes": [
    {
      "time": 0.813,
      "lane": 1
    },
    {
      "time": 0.813,
      "lane": 2
    },
    {
      "time": 1.335,
      "lane": 1
    },
    {
      "time": 1.335,
      "lane": 2
    },
    {
      "time": 1.466,
      "lane": 3
    },
    {
      "time": 1.858,
      "lane": 0
    },
    {
      "time": 1.858,
      "lane": 1
    },
    {
      "time": 2.058,
      "lane": 2
    },
    {
      "time": 2.191,
      "lane": 1
    },
    {
      "time": 2.392,
      "lane": 3
    },
    {
      "time": 2.592,
      "lane": 0
    },
    {
      "time": 2.725,
      "lane": 1
    },
    {
      "time": 3.982,
      "lane": 1
    },
    {
      "time": 4.11,
      "lane": 0
    },
    {
      "time": 4.238,
      "lane": 0
    },
    {
      "time": 4.238,
      "lane": 3
    },
    {
      "time": 4.493,
      "lane": 1
    },
    {
      "time": 4.689,
      "lane": 0
    },
    {
      "time": 4.689,
      "lane": 1
    },
    {
      "time": 5.016,
      "lane": 0
    },
    {
      "time": 5.016,
      "lane": 3
    },
    {
      "time": 5.146,
      "lane": 0
    },
    {
      "time": 5.538,
      "lane": 1
    },
    {
      "time": 5.538,
      "lane": 2
    },
    {
      "time": 5.671,
      "lane": 1
    },
    {
      "time": 6.072,
      "lane": 0
    },
    {
      "time": 6.281,
      "lane": 0
    },
    {
      "time": 6.281,
      "lane": 3
    },
    {
      "time": 6.42,
      "lane": 3
    },
    {
      "time": 6.692,
      "lane": 0
    },
    {
      "time": 6.692,
      "lane": 3
    },
    {
      "time": 6.817,
      "lane": 0
    },
    {
      "time": 6.817,
      "lane": 1
    },
    {
      "time": 7.004,
      "lane": 0
    },
    {
      "time": 7.004,
      "lane": 2
    },
    {
      "time": 7.259,
      "lane": 1
    },
    {
      "time": 7.455,
      "lane": 1
    },
    {
      "time": 7.586,
      "lane": 2
    },
    {
      "time": 7.586,
      "lane": 3
    },
    {
      "time": 7.985,
      "lane": 0
    },
    {
      "time": 8.381,
      "lane": 2
    },
    {
      "time": 8.512,
      "lane": 2
    },
    {
      "time": 8.903,
      "lane": 3
    },
    {
      "time": 9.165,
      "lane": 0
    },
    {
      "time": 9.165,
      "lane": 2
    },
    {
      "time": 9.426,
      "lane": 1
    },
    {
      "time": 9.426,
      "lane": 2
    },
    {
      "time": 9.687,
      "lane": 2
    },
    {
      "time": 9.883,
      "lane": 2
    },
    {
      "time": 10.144,
      "lane": 3
    },
    {
      "time": 10.275,
      "lane": 2
    },
    {
      "time": 10.471,
      "lane": 2
    },
    {
      "time": 10.797,
      "lane": 2
    },
    {
      "time": 10.797,
      "lane": 3
    },
    {
      "time": 10.928,
      "lane": 0
    },
    {
      "time": 11.32,
      "lane": 1
    },
    {
      "time": 11.517,
      "lane": 0
    },
    {
      "time": 11.517,
      "lane": 1
    },
    {
      "time": 11.765,
      "lane": 0
    },
    {
      "time": 12.019,
      "lane": 0
    },
    {
      "time": 12.019,
      "lane": 1
    },
    {
      "time": 12.251,
      "lane": 3
    },
    {
      "time": 12.643,
      "lane": 1
    },
    {
      "time": 12.839,
      "lane": 3
    },
    {
      "time": 12.97,
      "lane": 0
    },
    {
      "time": 12.97,
      "lane": 3
    },
    {
      "time": 13.166,
      "lane": 1
    },
    {
      "time": 13.166,
      "lane": 2
    },
    {
      "time": 13.433,
      "lane": 2
    },
    {
      "time": 13.633,
      "lane": 2
    },
    {
      "time": 14.222,
      "lane": 2
    },
    {
      "time": 14.418,
      "lane": 0
    },
    {
      "time": 14.418,
      "lane": 2
    },
    {
      "time": 14.549,
      "lane": 2
    },
    {
      "time": 14.745,
      "lane": 1
    },
    {
      "time": 14.745,
      "lane": 3
    },
    {
      "time": 14.941,
      "lane": 0
    },
    {
      "time": 15.202,
      "lane": 1
    },
    {
      "time": 15.202,
      "lane": 3
    },
    {
      "time": 15.79,
      "lane": 0
    },
    {
      "time": 15.79,
      "lane": 1
    },
    {
      "time": 16.022,
      "lane": 0
    },
    {
      "time": 16.254,
      "lane": 0
    },
    {
      "time": 16.254,
      "lane": 1
    },
    {
      "time": 16.611,
      "lane": 1
    },
    {
      "time": 16.611,
      "lane": 2
    },
    {
      "time": 17.013,
      "lane": 1
    },
    {
      "time": 17.296,
      "lane": 3
    },
    {
      "time": 17.522,
      "lane": 0
    },
    {
      "time": 17.766,
      "lane": 2
    },
    {
      "time": 18.158,
      "lane": 2
    },
    {
      "time": 18.158,
      "lane": 3
    },
    {
      "time": 18.289,
      "lane": 0
    },
    {
      "time": 18.68,
      "lane": 2
    },
    {
      "time": 18.881,
      "lane": 0
    },
    {
      "time": 18.881,
      "lane": 2
    },
    {
      "time": 19.014,
      "lane": 1
    },
    {
      "time": 19.014,
      "lane": 3
    },
    {
      "time": 19.215,
      "lane": 0
    },
    {
      "time": 19.215,
      "lane": 2
    },
    {
      "time": 19.41,
      "lane": 0
    },
    {
      "time": 19.541,
      "lane": 1
    },
    {
      "time": 19.933,
      "lane": 1
    },
    {
      "time": 20.259,
      "lane": 2
    },
    {
      "time": 20.259,
      "lane": 3
    },
    {
      "time": 20.455,
      "lane": 0
    },
    {
      "time": 20.455,
      "lane": 3
    },
    {
      "time": 20.651,
      "lane": 1
    },
    {
      "time": 20.978,
      "lane": 0
    },
    {
      "time": 20.978,
      "lane": 1
    },
    {
      "time": 21.174,
      "lane": 3
    },
    {
      "time": 21.304,
      "lane": 0
    },
    {
      "time": 21.505,
      "lane": 1
    },
    {
      "time": 21.505,
      "lane": 2
    },
    {
      "time": 21.638,
      "lane": 1
    },
    {
      "time": 21.838,
      "lane": 3
    },
    {
      "time": 21.969,
      "lane": 0
    },
    {
      "time": 22.361,
      "lane": 0
    },
    {
      "time": 22.361,
      "lane": 1
    },
    {
      "time": 22.491,
      "lane": 0
    },
    {
      "time": 22.883,
      "lane": 0
    },
    {
      "time": 22.883,
      "lane": 2
    },
    {
      "time": 23.084,
      "lane": 0
    },
    {
      "time": 23.284,
      "lane": 1
    },
    {
      "time": 23.484,
      "lane": 0
    },
    {
      "time": 23.484,
      "lane": 1
    },
    {
      "time": 23.618,
      "lane": 2
    },
    {
      "time": 23.818,
      "lane": 1
    },
    {
      "time": 23.818,
      "lane": 3
    },
    {
      "time": 24.017,
      "lane": 0
    },
    {
      "time": 24.017,
      "lane": 2
    },
    {
      "time": 24.147,
      "lane": 2
    },
    {
      "time": 24.278,
      "lane": 3
    },
    {
      "time": 24.409,
      "lane": 1
    },
    {
      "time": 24.8,
      "lane": 1
    },
    {
      "time": 24.8,
      "lane": 2
    },
    {
      "time": 25.192,
      "lane": 3
    },
    {
      "time": 25.388,
      "lane": 3
    },
    {
      "time": 25.519,
      "lane": 0
    },
    {
      "time": 25.519,
      "lane": 2
    },
    {
      "time": 25.715,
      "lane": 1
    },
    {
      "time": 25.911,
      "lane": 1
    },
    {
      "time": 26.041,
      "lane": 2
    },
    {
      "time": 26.041,
      "lane": 3
    },
    {
      "time": 26.241,
      "lane": 0
    },
    {
      "time": 26.575,
      "lane": 1
    },
    {
      "time": 26.575,
      "lane": 2
    },
    {
      "time": 26.836,
      "lane": 1
    },
    {
      "time": 26.836,
      "lane": 3
    },
    {
      "time": 27.098,
      "lane": 3
    },
    {
      "time": 27.294,
      "lane": 0
    },
    {
      "time": 27.555,
      "lane": 1
    },
    {
      "time": 27.816,
      "lane": 0
    },
    {
      "time": 28.143,
      "lane": 0
    },
    {
      "time": 28.143,
      "lane": 1
    },
    {
      "time": 28.276,
      "lane": 0
    },
    {
      "time": 28.677,
      "lane": 2
    },
    {
      "time": 28.807,
      "lane": 2
    },
    {
      "time": 29.199,
      "lane": 0
    },
    {
      "time": 29.199,
      "lane": 2
    },
    {
      "time": 29.395,
      "lane": 2
    },
    {
      "time": 29.722,
      "lane": 2
    },
    {
      "time": 29.922,
      "lane": 1
    },
    {
      "time": 30.189,
      "lane": 3
    },
    {
      "time": 30.452,
      "lane": 1
    },
    {
      "time": 30.647,
      "lane": 3
    },
    {
      "time": 30.843,
      "lane": 0
    },
    {
      "time": 30.843,
      "lane": 2
    },
    {
      "time": 31.3,
      "lane": 1
    },
    {
      "time": 31.3,
      "lane": 3
    },
    {
      "time": 31.505,
      "lane": 0
    },
    {
      "time": 31.642,
      "lane": 0
    },
    {
      "time": 31.642,
      "lane": 3
    },
    {
      "time": 31.846,
      "lane": 3
    },
    {
      "time": 32.038,
      "lane": 0
    },
    {
      "time": 32.038,
      "lane": 3
    },
    {
      "time": 32.357,
      "lane": 0
    },
    {
      "time": 32.714,
      "lane": 3
    },
    {
      "time": 33.012,
      "lane": 2
    },
    {
      "time": 33.012,
      "lane": 3
    },
    {
      "time": 33.726,
      "lane": 0
    },
    {
      "time": 34.714,
      "lane": 0
    },
    {
      "time": 34.714,
      "lane": 1
    },
    {
      "time": 34.975,
      "lane": 1
    },
    {
      "time": 34.975,
      "lane": 3
    },
    {
      "time": 35.171,
      "lane": 3
    },
    {
      "time": 35.367,
      "lane": 0
    },
    {
      "time": 35.563,
      "lane": 0
    },
    {
      "time": 35.693,
      "lane": 1
    },
    {
      "time": 35.889,
      "lane": 1
    },
    {
      "time": 36.216,
      "lane": 0
    },
    {
      "time": 36.216,
      "lane": 2
    },
    {
      "time": 36.535,
      "lane": 2
    },
    {
      "time": 36.535,
      "lane": 3
    },
    {
      "time": 36.738,
      "lane": 2
    },
    {
      "time": 37.043,
      "lane": 0
    },
    {
      "time": 37.043,
      "lane": 2
    },
    {
      "time": 37.222,
      "lane": 1
    },
    {
      "time": 37.605,
      "lane": 0
    },
    {
      "time": 37.805,
      "lane": 1
    },
    {
      "time": 37.805,
      "lane": 3
    },
    {
      "time": 38.005,
      "lane": 0
    },
    {
      "time": 38.005,
      "lane": 1
    },
    {
      "time": 38.139,
      "lane": 3
    },
    {
      "time": 38.33,
      "lane": 0
    },
    {
      "time": 38.458,
      "lane": 1
    },
    {
      "time": 38.65,
      "lane": 1
    },
    {
      "time": 38.65,
      "lane": 3
    },
    {
      "time": 38.85,
      "lane": 0
    },
    {
      "time": 38.85,
      "lane": 2
    },
    {
      "time": 38.983,
      "lane": 0
    },
    {
      "time": 39.117,
      "lane": 1
    },
    {
      "time": 39.117,
      "lane": 2
    },
    {
      "time": 39.248,
      "lane": 1
    },
    {
      "time": 39.375,
      "lane": 3
    },
    {
      "time": 39.631,
      "lane": 0
    },
    {
      "time": 39.631,
      "lane": 2
    },
    {
      "time": 39.761,
      "lane": 1
    },
    {
      "time": 39.895,
      "lane": 0
    },
    {
      "time": 39.895,
      "lane": 1
    },
    {
      "time": 40.49,
      "lane": 0
    },
    {
      "time": 40.49,
      "lane": 3
    },
    {
      "time": 40.751,
      "lane": 0
    },
    {
      "time": 40.751,
      "lane": 2
    },
    {
      "time": 40.951,
      "lane": 0
    },
    {
      "time": 40.951,
      "lane": 1
    },
    {
      "time": 41.285,
      "lane": 1
    },
    {
      "time": 41.742,
      "lane": 0
    },
    {
      "time": 41.742,
      "lane": 2
    },
    {
      "time": 42.008,
      "lane": 2
    },
    {
      "time": 42.008,
      "lane": 3
    },
    {
      "time": 42.141,
      "lane": 2
    },
    {
      "time": 42.275,
      "lane": 2
    },
    {
      "time": 42.538,
      "lane": 3
    },
    {
      "time": 42.864,
      "lane": 0
    },
    {
      "time": 42.864,
      "lane": 2
    },
    {
      "time": 43.131,
      "lane": 0
    },
    {
      "time": 43.131,
      "lane": 1
    },
    {
      "time": 43.331,
      "lane": 1
    },
    {
      "time": 43.529,
      "lane": 3
    },
    {
      "time": 43.725,
      "lane": 0
    },
    {
      "time": 43.986,
      "lane": 1
    },
    {
      "time": 43.986,
      "lane": 2
    },
    {
      "time": 44.247,
      "lane": 2
    },
    {
      "time": 44.574,
      "lane": 3
    },
    {
      "time": 44.9,
      "lane": 0
    },
    {
      "time": 44.9,
      "lane": 3
    },
    {
      "time": 45.031,
      "lane": 1
    },
    {
      "time": 45.161,
      "lane": 0
    },
    {
      "time": 45.161,
      "lane": 3
    },
    {
      "time": 45.423,
      "lane": 0
    },
    {
      "time": 45.423,
      "lane": 3
    },
    {
      "time": 45.688,
      "lane": 0
    },
    {
      "time": 45.955,
      "lane": 1
    },
    {
      "time": 46.218,
      "lane": 0
    },
    {
      "time": 46.218,
      "lane": 2
    },
    {
      "time": 46.544,
      "lane": 0
    },
    {
      "time": 46.544,
      "lane": 3
    },
    {
      "time": 46.74,
      "lane": 0
    },
    {
      "time": 47.002,
      "lane": 2
    },
    {
      "time": 47.267,
      "lane": 2
    },
    {
      "time": 47.267,
      "lane": 3
    },
    {
      "time": 47.401,
      "lane": 2
    },
    {
      "time": 47.601,
      "lane": 2
    },
    {
      "time": 47.601,
      "lane": 3
    },
    {
      "time": 47.792,
      "lane": 2
    },
    {
      "time": 48.048,
      "lane": 1
    },
    {
      "time": 48.048,
      "lane": 3
    },
    {
      "time": 48.179,
      "lane": 3
    },
    {
      "time": 48.312,
      "lane": 0
    },
    {
      "time": 48.312,
      "lane": 1
    },
    {
      "time": 48.711,
      "lane": 0
    },
    {
      "time": 48.842,
      "lane": 1
    },
    {
      "time": 48.842,
      "lane": 2
    },
    {
      "time": 49.103,
      "lane": 3
    },
    {
      "time": 49.364,
      "lane": 0
    },
    {
      "time": 49.364,
      "lane": 3
    },
    {
      "time": 49.56,
      "lane": 1
    },
    {
      "time": 49.56,
      "lane": 3
    },
    {
      "time": 49.691,
      "lane": 3
    },
    {
      "time": 49.824,
      "lane": 0
    },
    {
      "time": 50.158,
      "lane": 0
    },
    {
      "time": 50.158,
      "lane": 3
    },
    {
      "time": 50.421,
      "lane": 0
    },
    {
      "time": 50.421,
      "lane": 1
    },
    {
      "time": 50.551,
      "lane": 1
    },
    {
      "time": 50.747,
      "lane": 2
    },
    {
      "time": 51.27,
      "lane": 1
    },
    {
      "time": 51.27,
      "lane": 3
    },
    {
      "time": 51.466,
      "lane": 1
    },
    {
      "time": 51.596,
      "lane": 0
    },
    {
      "time": 51.792,
      "lane": 0
    },
    {
      "time": 51.792,
      "lane": 1
    },
    {
      "time": 51.992,
      "lane": 0
    },
    {
      "time": 52.126,
      "lane": 1
    },
    {
      "time": 52.126,
      "lane": 3
    },
    {
      "time": 52.522,
      "lane": 1
    },
    {
      "time": 52.718,
      "lane": 0
    },
    {
      "time": 52.718,
      "lane": 2
    },
    {
      "time": 53.045,
      "lane": 3
    },
    {
      "time": 53.175,
      "lane": 2
    },
    {
      "time": 53.371,
      "lane": 2
    },
    {
      "time": 53.371,
      "lane": 3
    },
    {
      "time": 53.502,
      "lane": 3
    },
    {
      "time": 53.894,
      "lane": 0
    },
    {
      "time": 54.024,
      "lane": 1
    },
    {
      "time": 54.416,
      "lane": 1
    },
    {
      "time": 54.616,
      "lane": 2
    },
    {
      "time": 54.75,
      "lane": 2
    },
    {
      "time": 54.95,
      "lane": 2
    },
    {
      "time": 55.15,
      "lane": 2
    },
    {
      "time": 55.15,
      "lane": 3
    },
    {
      "time": 55.284,
      "lane": 3
    },
    {
      "time": 55.684,
      "lane": 0
    },
    {
      "time": 56.541,
      "lane": 0
    },
    {
      "time": 56.541,
      "lane": 1
    },
    {
      "time": 56.796,
      "lane": 1
    },
    {
      "time": 56.924,
      "lane": 1
    },
    {
      "time": 56.924,
      "lane": 3
    },
    {
      "time": 57.051,
      "lane": 0
    },
    {
      "time": 57.247,
      "lane": 1
    },
    {
      "time": 57.378,
      "lane": 1
    },
    {
      "time": 57.574,
      "lane": 2
    },
    {
      "time": 57.574,
      "lane": 3
    },
    {
      "time": 57.704,
      "lane": 0
    },
    {
      "time": 58.096,
      "lane": 2
    },
    {
      "time": 58.23,
      "lane": 1
    },
    {
      "time": 58.63,
      "lane": 0
    },
    {
      "time": 58.63,
      "lane": 3
    },
    {
      "time": 58.831,
      "lane": 0
    },
    {
      "time": 58.964,
      "lane": 1
    },
    {
      "time": 59.164,
      "lane": 0
    },
    {
      "time": 59.164,
      "lane": 3
    },
    {
      "time": 59.426,
      "lane": 0
    },
    {
      "time": 59.426,
      "lane": 3
    },
    {
      "time": 59.622,
      "lane": 0
    },
    {
      "time": 59.622,
      "lane": 3
    },
    {
      "time": 59.752,
      "lane": 1
    },
    {
      "time": 59.883,
      "lane": 1
    },
    {
      "time": 59.883,
      "lane": 2
    },
    {
      "time": 60.013,
      "lane": 2
    },
    {
      "time": 60.144,
      "lane": 3
    },
    {
      "time": 60.543,
      "lane": 2
    },
    {
      "time": 60.939,
      "lane": 2
    },
    {
      "time": 61.135,
      "lane": 0
    },
    {
      "time": 61.396,
      "lane": 0
    },
    {
      "time": 61.396,
      "lane": 1
    },
    {
      "time": 61.788,
      "lane": 1
    },
    {
      "time": 61.788,
      "lane": 2
    },
    {
      "time": 61.984,
      "lane": 1
    },
    {
      "time": 62.18,
      "lane": 3
    },
    {
      "time": 62.311,
      "lane": 0
    },
    {
      "time": 62.441,
      "lane": 1
    },
    {
      "time": 62.833,
      "lane": 1
    },
    {
      "time": 62.833,
      "lane": 2
    },
    {
      "time": 63.029,
      "lane": 3
    },
    {
      "time": 63.356,
      "lane": 0
    },
    {
      "time": 63.356,
      "lane": 2
    },
    {
      "time": 63.486,
      "lane": 2
    },
    {
      "time": 63.878,
      "lane": 1
    },
    {
      "time": 64.075,
      "lane": 1
    },
    {
      "time": 64.075,
      "lane": 3
    },
    {
      "time": 64.223,
      "lane": 0
    },
    {
      "time": 64.628,
      "lane": 3
    },
    {
      "time": 64.81,
      "lane": 1
    },
    {
      "time": 65.202,
      "lane": 0
    },
    {
      "time": 65.202,
      "lane": 1
    },
    {
      "time": 65.398,
      "lane": 0
    },
    {
      "time": 65.528,
      "lane": 1
    },
    {
      "time": 65.528,
      "lane": 2
    },
    {
      "time": 65.724,
      "lane": 1
    },
    {
      "time": 65.724,
      "lane": 2
    },
    {
      "time": 66.125,
      "lane": 0
    },
    {
      "time": 66.781,
      "lane": 0
    },
    {
      "time": 66.977,
      "lane": 1
    },
    {
      "time": 67.107,
      "lane": 0
    },
    {
      "time": 67.303,
      "lane": 0
    },
    {
      "time": 67.303,
      "lane": 2
    },
    {
      "time": 67.499,
      "lane": 0
    },
    {
      "time": 67.63,
      "lane": 2
    },
    {
      "time": 67.76,
      "lane": 1
    },
    {
      "time": 68.021,
      "lane": 0
    },
    {
      "time": 68.021,
      "lane": 2
    },
    {
      "time": 68.217,
      "lane": 3
    },
    {
      "time": 68.348,
      "lane": 0
    },
    {
      "time": 68.348,
      "lane": 2
    },
    {
      "time": 68.638,
      "lane": 1
    },
    {
      "time": 68.638,
      "lane": 2
    },
    {
      "time": 68.812,
      "lane": 1
    },
    {
      "time": 68.812,
      "lane": 3
    },
    {
      "time": 69.11,
      "lane": 0
    },
    {
      "time": 69.345,
      "lane": 1
    },
    {
      "time": 69.628,
      "lane": 1
    },
    {
      "time": 69.854,
      "lane": 3
    },
    {
      "time": 70.194,
      "lane": 2
    },
    {
      "time": 70.325,
      "lane": 2
    },
    {
      "time": 70.716,
      "lane": 1
    },
    {
      "time": 70.847,
      "lane": 2
    },
    {
      "time": 70.847,
      "lane": 3
    },
    {
      "time": 71.239,
      "lane": 2
    },
    {
      "time": 71.439,
      "lane": 1
    },
    {
      "time": 71.573,
      "lane": 1
    },
    {
      "time": 71.773,
      "lane": 0
    },
    {
      "time": 71.773,
      "lane": 2
    },
    {
      "time": 71.969,
      "lane": 2
    },
    {
      "time": 72.099,
      "lane": 2
    },
    {
      "time": 72.491,
      "lane": 1
    },
    {
      "time": 72.818,
      "lane": 3
    },
    {
      "time": 73.014,
      "lane": 1
    },
    {
      "time": 73.21,
      "lane": 3
    },
    {
      "time": 73.536,
      "lane": 0
    },
    {
      "time": 73.536,
      "lane": 2
    },
    {
      "time": 73.863,
      "lane": 3
    },
    {
      "time": 74.13,
      "lane": 2
    },
    {
      "time": 74.397,
      "lane": 0
    },
    {
      "time": 74.397,
      "lane": 1
    },
    {
      "time": 74.527,
      "lane": 1
    },
    {
      "time": 74.919,
      "lane": 2
    },
    {
      "time": 74.919,
      "lane": 3
    },
    {
      "time": 75.05,
      "lane": 0
    },
    {
      "time": 75.05,
      "lane": 1
    },
    {
      "time": 75.442,
      "lane": 1
    },
    {
      "time": 75.442,
      "lane": 2
    },
    {
      "time": 75.709,
      "lane": 2
    },
    {
      "time": 76.042,
      "lane": 2
    },
    {
      "time": 76.042,
      "lane": 3
    },
    {
      "time": 76.176,
      "lane": 0
    },
    {
      "time": 76.176,
      "lane": 3
    },
    {
      "time": 76.376,
      "lane": 1
    },
    {
      "time": 76.51,
      "lane": 2
    },
    {
      "time": 76.771,
      "lane": 1
    },
    {
      "time": 76.771,
      "lane": 3
    },
    {
      "time": 76.967,
      "lane": 0
    },
    {
      "time": 77.359,
      "lane": 3
    },
    {
      "time": 77.816,
      "lane": 1
    },
    {
      "time": 77.816,
      "lane": 3
    },
    {
      "time": 77.946,
      "lane": 3
    },
    {
      "time": 78.077,
      "lane": 0
    },
    {
      "time": 78.077,
      "lane": 3
    },
    {
      "time": 78.208,
      "lane": 1
    },
    {
      "time": 78.469,
      "lane": 0
    },
    {
      "time": 78.6,
      "lane": 0
    },
    {
      "time": 78.6,
      "lane": 1
    },
    {
      "time": 79.134,
      "lane": 0
    },
    {
      "time": 79.134,
      "lane": 3
    },
    {
      "time": 79.33,
      "lane": 2
    },
    {
      "time": 79.656,
      "lane": 2
    },
    {
      "time": 79.852,
      "lane": 2
    },
    {
      "time": 80.113,
      "lane": 3
    },
    {
      "time": 80.374,
      "lane": 2
    },
    {
      "time": 80.701,
      "lane": 0
    },
    {
      "time": 80.701,
      "lane": 1
    },
    {
      "time": 80.834,
      "lane": 3
    },
    {
      "time": 81.101,
      "lane": 1
    },
    {
      "time": 81.235,
      "lane": 2
    },
    {
      "time": 81.235,
      "lane": 3
    },
    {
      "time": 81.431,
      "lane": 2
    },
    {
      "time": 81.757,
      "lane": 2
    },
    {
      "time": 81.757,
      "lane": 3
    },
    {
      "time": 81.958,
      "lane": 0
    },
    {
      "time": 81.958,
      "lane": 3
    },
    {
      "time": 82.292,
      "lane": 1
    },
    {
      "time": 82.292,
      "lane": 3
    },
    {
      "time": 82.487,
      "lane": 3
    },
    {
      "time": 82.879,
      "lane": 0
    },
    {
      "time": 83.206,
      "lane": 0
    },
    {
      "time": 83.859,
      "lane": 1
    },
    {
      "time": 84.059,
      "lane": 0
    },
    {
      "time": 84.059,
      "lane": 1
    },
    {
      "time": 84.193,
      "lane": 2
    },
    {
      "time": 84.393,
      "lane": 0
    },
    {
      "time": 84.393,
      "lane": 3
    },
    {
      "time": 84.589,
      "lane": 0
    },
    {
      "time": 84.589,
      "lane": 2
    },
    {
      "time": 84.915,
      "lane": 0
    },
    {
      "time": 85.153,
      "lane": 0
    },
    {
      "time": 85.153,
      "lane": 3
    },
    {
      "time": 85.51,
      "lane": 0
    },
    {
      "time": 85.51,
      "lane": 3
    },
    {
      "time": 87.272,
      "lane": 1
    },
    {
      "time": 87.272,
      "lane": 3
    },
    {
      "time": 87.468,
      "lane": 1
    },
    {
      "time": 87.599,
      "lane": 0
    },
    {
      "time": 87.599,
      "lane": 3
    },
    {
      "time": 87.729,
      "lane": 1
    },
    {
      "time": 87.925,
      "lane": 1
    },
    {
      "time": 88.121,
      "lane": 0
    },
    {
      "time": 88.121,
      "lane": 2
    },
    {
      "time": 88.317,
      "lane": 0
    },
    {
      "time": 88.578,
      "lane": 0
    },
    {
      "time": 88.84,
      "lane": 1
    },
    {
      "time": 88.84,
      "lane": 2
    },
    {
      "time": 89.043,
      "lane": 2
    },
    {
      "time": 89.246,
      "lane": 2
    },
    {
      "time": 89.246,
      "lane": 3
    },
    {
      "time": 89.601,
      "lane": 2
    },
    {
      "time": 89.601,
      "lane": 3
    },
    {
      "time": 89.78,
      "lane": 0
    },
    {
      "time": 89.78,
      "lane": 3
    },
    {
      "time": 90.035,
      "lane": 1
    },
    {
      "time": 90.363,
      "lane": 3
    },
    {
      "time": 90.564,
      "lane": 1
    },
    {
      "time": 90.697,
      "lane": 3
    },
    {
      "time": 90.889,
      "lane": 1
    },
    {
      "time": 91.016,
      "lane": 0
    },
    {
      "time": 91.016,
      "lane": 3
    },
    {
      "time": 91.208,
      "lane": 0
    },
    {
      "time": 91.208,
      "lane": 1
    },
    {
      "time": 91.341,
      "lane": 1
    },
    {
      "time": 91.341,
      "lane": 3
    },
    {
      "time": 91.675,
      "lane": 3
    },
    {
      "time": 91.997,
      "lane": 0
    },
    {
      "time": 92.189,
      "lane": 2
    },
    {
      "time": 92.453,
      "lane": 1
    },
    {
      "time": 92.653,
      "lane": 1
    },
    {
      "time": 92.787,
      "lane": 0
    },
    {
      "time": 92.983,
      "lane": 3
    },
    {
      "time": 93.309,
      "lane": 2
    },
    {
      "time": 93.51,
      "lane": 2
    },
    {
      "time": 93.843,
      "lane": 3
    },
    {
      "time": 93.974,
      "lane": 0
    },
    {
      "time": 94.301,
      "lane": 1
    },
    {
      "time": 94.566,
      "lane": 1
    },
    {
      "time": 94.566,
      "lane": 2
    },
    {
      "time": 94.7,
      "lane": 3
    },
    {
      "time": 94.833,
      "lane": 1
    },
    {
      "time": 95.096,
      "lane": 1
    },
    {
      "time": 95.292,
      "lane": 1
    },
    {
      "time": 95.292,
      "lane": 2
    },
    {
      "time": 95.422,
      "lane": 0
    },
    {
      "time": 95.422,
      "lane": 3
    },
    {
      "time": 95.623,
      "lane": 0
    },
    {
      "time": 95.89,
      "lane": 2
    },
    {
      "time": 96.152,
      "lane": 1
    },
    {
      "time": 96.283,
      "lane": 3
    },
    {
      "time": 96.479,
      "lane": 0
    },
    {
      "time": 96.675,
      "lane": 2
    },
    {
      "time": 96.871,
      "lane": 0
    },
    {
      "time": 97.001,
      "lane": 1
    },
    {
      "time": 97.197,
      "lane": 0
    },
    {
      "time": 97.328,
      "lane": 2
    },
    {
      "time": 97.459,
      "lane": 3
    },
    {
      "time": 97.654,
      "lane": 2
    },
    {
      "time": 97.981,
      "lane": 0
    },
    {
      "time": 97.981,
      "lane": 2
    },
    {
      "time": 98.247,
      "lane": 1
    },
    {
      "time": 98.247,
      "lane": 2
    },
    {
      "time": 98.514,
      "lane": 0
    },
    {
      "time": 98.514,
      "lane": 1
    },
    {
      "time": 98.776,
      "lane": 3
    },
    {
      "time": 98.972,
      "lane": 1
    },
    {
      "time": 99.103,
      "lane": 0
    },
    {
      "time": 99.103,
      "lane": 3
    },
    {
      "time": 99.299,
      "lane": 1
    },
    {
      "time": 99.495,
      "lane": 3
    },
    {
      "time": 99.759,
      "lane": 0
    },
    {
      "time": 99.759,
      "lane": 1
    },
    {
      "time": 99.892,
      "lane": 1
    },
    {
      "time": 99.892,
      "lane": 3
    },
    {
      "time": 100.093,
      "lane": 3
    },
    {
      "time": 100.351,
      "lane": 0
    },
    {
      "time": 100.351,
      "lane": 2
    },
    {
      "time": 100.606,
      "lane": 0
    },
    {
      "time": 100.801,
      "lane": 3
    },
    {
      "time": 101.193,
      "lane": 2
    },
    {
      "time": 101.388,
      "lane": 0
    },
    {
      "time": 101.388,
      "lane": 2
    },
    {
      "time": 101.65,
      "lane": 0
    },
    {
      "time": 101.65,
      "lane": 3
    },
    {
      "time": 101.915,
      "lane": 1
    },
    {
      "time": 101.915,
      "lane": 2
    },
    {
      "time": 102.249,
      "lane": 0
    },
    {
      "time": 102.249,
      "lane": 2
    },
    {
      "time": 102.383,
      "lane": 3
    },
    {
      "time": 102.65,
      "lane": 0
    },
    {
      "time": 102.65,
      "lane": 3
    },
    {
      "time": 102.848,
      "lane": 1
    },
    {
      "time": 102.979,
      "lane": 0
    },
    {
      "time": 102.979,
      "lane": 1
    },
    {
      "time": 103.11,
      "lane": 3
    },
    {
      "time": 103.306,
      "lane": 0
    },
    {
      "time": 103.306,
      "lane": 1
    },
    {
      "time": 103.763,
      "lane": 1
    },
    {
      "time": 103.763,
      "lane": 3
    },
    {
      "time": 103.893,
      "lane": 1
    },
    {
      "time": 103.893,
      "lane": 3
    },
    {
      "time": 104.024,
      "lane": 2
    },
    {
      "time": 104.024,
      "lane": 3
    },
    {
      "time": 104.155,
      "lane": 0
    },
    {
      "time": 104.35,
      "lane": 2
    },
    {
      "time": 104.35,
      "lane": 3
    },
    {
      "time": 104.551,
      "lane": 2
    },
    {
      "time": 104.684,
      "lane": 3
    },
    {
      "time": 105.08,
      "lane": 0
    },
    {
      "time": 105.276,
      "lane": 3
    },
    {
      "time": 105.603,
      "lane": 3
    },
    {
      "time": 105.929,
      "lane": 0
    },
    {
      "time": 106.452,
      "lane": 0
    },
    {
      "time": 106.582,
      "lane": 2
    },
    {
      "time": 106.974,
      "lane": 1
    },
    {
      "time": 107.108,
      "lane": 2
    },
    {
      "time": 107.108,
      "lane": 3
    },
    {
      "time": 107.308,
      "lane": 0
    },
    {
      "time": 107.508,
      "lane": 1
    },
    {
      "time": 107.508,
      "lane": 2
    },
    {
      "time": 107.709,
      "lane": 3
    },
    {
      "time": 107.842,
      "lane": 2
    },
    {
      "time": 108.243,
      "lane": 0
    },
    {
      "time": 109.099,
      "lane": 2
    },
    {
      "time": 109.099,
      "lane": 3
    },
    {
      "time": 109.354,
      "lane": 0
    },
    {
      "time": 109.61,
      "lane": 2
    },
    {
      "time": 109.61,
      "lane": 3
    },
    {
      "time": 109.806,
      "lane": 0
    },
    {
      "time": 109.806,
      "lane": 3
    },
    {
      "time": 110.132,
      "lane": 1
    },
    {
      "time": 110.666,
      "lane": 1
    },
    {
      "time": 110.666,
      "lane": 3
    },
    {
      "time": 110.797,
      "lane": 0
    },
    {
      "time": 111.189,
      "lane": 0
    },
    {
      "time": 111.189,
      "lane": 2
    },
    {
      "time": 111.415,
      "lane": 2
    },
    {
      "time": 112.193,
      "lane": 2
    },
    {
      "time": 112.193,
      "lane": 3
    },
    {
      "time": 112.414,
      "lane": 3
    },
    {
      "time": 112.589,
      "lane": 0
    },
    {
      "time": 112.72,
      "lane": 3
    },
    {
      "time": 113.557,
      "lane": 1
    },
    {
      "time": 113.557,
      "lane": 3
    },
    {
      "time": 113.691,
      "lane": 0
    },
    {
      "time": 114.091,
      "lane": 0
    }
  ]
}