{
  "title": "Mii Plaza",
  "artist": "Nintendo",
  "difficulty": "Normal",
  "difficultyRating": 4,
  "bpm": 112,
  "offset": 0,
  "length": 115,
  "noteCount": 286,
  "notes": [
    {
      "time": 0.557,
      "lane": 1
    },
    {
      "time": 0.813,
      "lane": 1
    },
    {
      "time": 1.347,
      "lane": 2
    },
    {
      "time": 1.858,
      "lane": 0
    },
    {
      "time": 1.858,
      "lane": 2
    },
    {
      "time": 2.136,
      "lane": 2
    },
    {
      "time": 2.392,
      "lane": 1
    },
    {
      "time": 2.647,
      "lane": 2
    },
    {
      "time": 3.971,
      "lane": 0
    },
    {
      "time": 4.249,
      "lane": 2
    },
    {
      "time": 4.505,
      "lane": 0
    },
    {
      "time": 4.76,
      "lane": 3
    },
    {
      "time": 5.016,
      "lane": 0
    },
    {
      "time": 5.55,
      "lane": 1
    },
    {
      "time": 6.06,
      "lane": 2
    },
    {
      "time": 6.06,
      "lane": 3
    },
    {
      "time": 6.316,
      "lane": 0
    },
    {
      "time": 7.129,
      "lane": 1
    },
    {
      "time": 7.384,
      "lane": 0
    },
    {
      "time": 8.429,
      "lane": 2
    },
    {
      "time": 8.963,
      "lane": 2
    },
    {
      "time": 9.218,
      "lane": 1
    },
    {
      "time": 9.752,
      "lane": 2
    },
    {
      "time": 9.752,
      "lane": 3
    },
    {
      "time": 10.263,
      "lane": 2
    },
    {
      "time": 10.797,
      "lane": 3
    },
    {
      "time": 11.331,
      "lane": 1
    },
    {
      "time": 11.61,
      "lane": 3
    },
    {
      "time": 12.121,
      "lane": 0
    },
    {
      "time": 12.632,
      "lane": 0
    },
    {
      "time": 12.632,
      "lane": 3
    },
    {
      "time": 12.91,
      "lane": 0
    },
    {
      "time": 12.91,
      "lane": 2
    },
    {
      "time": 13.166,
      "lane": 3
    },
    {
      "time": 14.211,
      "lane": 3
    },
    {
      "time": 14.489,
      "lane": 1
    },
    {
      "time": 14.745,
      "lane": 0
    },
    {
      "time": 15.79,
      "lane": 2
    },
    {
      "time": 17.369,
      "lane": 3
    },
    {
      "time": 17.624,
      "lane": 0
    },
    {
      "time": 18.158,
      "lane": 1
    },
    {
      "time": 18.158,
      "lane": 3
    },
    {
      "time": 18.669,
      "lane": 2
    },
    {
      "time": 18.971,
      "lane": 1
    },
    {
      "time": 19.226,
      "lane": 3
    },
    {
      "time": 19.482,
      "lane": 0
    },
    {
      "time": 19.992,
      "lane": 2
    },
    {
      "time": 20.271,
      "lane": 1
    },
    {
      "time": 20.526,
      "lane": 2
    },
    {
      "time": 21.06,
      "lane": 1
    },
    {
      "time": 21.316,
      "lane": 1
    },
    {
      "time": 21.571,
      "lane": 1
    },
    {
      "time": 21.85,
      "lane": 0
    },
    {
      "time": 22.361,
      "lane": 2
    },
    {
      "time": 22.895,
      "lane": 2
    },
    {
      "time": 22.895,
      "lane": 3
    },
    {
      "time": 23.15,
      "lane": 0
    },
    {
      "time": 24.195,
      "lane": 3
    },
    {
      "time": 25.24,
      "lane": 0
    },
    {
      "time": 25.519,
      "lane": 1
    },
    {
      "time": 25.774,
      "lane": 2
    },
    {
      "time": 26.053,
      "lane": 0
    },
    {
      "time": 26.053,
      "lane": 2
    },
    {
      "time": 26.564,
      "lane": 2
    },
    {
      "time": 26.842,
      "lane": 2
    },
    {
      "time": 27.098,
      "lane": 1
    },
    {
      "time": 27.353,
      "lane": 2
    },
    {
      "time": 27.632,
      "lane": 2
    },
    {
      "time": 27.887,
      "lane": 0
    },
    {
      "time": 27.887,
      "lane": 3
    },
    {
      "time": 28.143,
      "lane": 1
    },
    {
      "time": 28.677,
      "lane": 2
    },
    {
      "time": 28.932,
      "lane": 1
    },
    {
      "time": 29.187,
      "lane": 0
    },
    {
      "time": 29.466,
      "lane": 2
    },
    {
      "time": 29.722,
      "lane": 1
    },
    {
      "time": 29.977,
      "lane": 0
    },
    {
      "time": 31.3,
      "lane": 3
    },
    {
      "time": 31.579,
      "lane": 3
    },
    {
      "time": 31.835,
      "lane": 1
    },
    {
      "time": 32.09,
      "lane": 0
    },
    {
      "time": 32.369,
      "lane": 1
    },
    {
      "time": 34.714,
      "lane": 3
    },
    {
      "time": 35.248,
      "lane": 0
    },
    {
      "time": 35.248,
      "lane": 1
    },
    {
      "time": 35.759,
      "lane": 3
    },
    {
      "time": 36.293,
      "lane": 2
    },
    {
      "time": 36.571,
      "lane": 2
    },
    {
      "time": 37.082,
      "lane": 3
    },
    {
      "time": 37.616,
      "lane": 0
    },
    {
      "time": 38.127,
      "lane": 3
    },
    {
      "time": 38.406,
      "lane": 1
    },
    {
      "time": 38.406,
      "lane": 3
    },
    {
      "time": 38.661,
      "lane": 3
    },
    {
      "time": 38.917,
      "lane": 2
    },
    {
      "time": 39.451,
      "lane": 0
    },
    {
      "time": 39.985,
      "lane": 2
    },
    {
      "time": 40.496,
      "lane": 1
    },
    {
      "time": 40.751,
      "lane": 2
    },
    {
      "time": 41.285,
      "lane": 3
    },
    {
      "time": 41.819,
      "lane": 1
    },
    {
      "time": 42.353,
      "lane": 3
    },
    {
      "time": 42.864,
      "lane": 0
    },
    {
      "time": 42.864,
      "lane": 2
    },
    {
      "time": 43.119,
      "lane": 2
    },
    {
      "time": 43.398,
      "lane": 1
    },
    {
      "time": 43.654,
      "lane": 3
    },
    {
      "time": 44.188,
      "lane": 0
    },
    {
      "time": 44.722,
      "lane": 1
    },
    {
      "time": 44.977,
      "lane": 2
    },
    {
      "time": 44.977,
      "lane": 3
    },
    {
      "time": 45.488,
      "lane": 2
    },
    {
      "time": 46.022,
      "lane": 3
    },
    {
      "time": 46.556,
      "lane": 0
    },
    {
      "time": 47.067,
      "lane": 1
    },
    {
      "time": 47.345,
      "lane": 3
    },
    {
      "time": 47.856,
      "lane": 0
    },
    {
      "time": 48.39,
      "lane": 2
    },
    {
      "time": 48.924,
      "lane": 0
    },
    {
      "time": 49.18,
      "lane": 3
    },
    {
      "time": 49.691,
      "lane": 0
    },
    {
      "time": 50.225,
      "lane": 1
    },
    {
      "time": 50.503,
      "lane": 1
    },
    {
      "time": 50.759,
      "lane": 0
    },
    {
      "time": 51.27,
      "lane": 0
    },
    {
      "time": 51.525,
      "lane": 0
    },
    {
      "time": 51.525,
      "lane": 2
    },
    {
      "time": 51.804,
      "lane": 0
    },
    {
      "time": 52.059,
      "lane": 3
    },
    {
      "time": 52.57,
      "lane": 1
    },
    {
      "time": 53.104,
      "lane": 1
    },
    {
      "time": 53.359,
      "lane": 2
    },
    {
      "time": 53.894,
      "lane": 0
    },
    {
      "time": 54.428,
      "lane": 1
    },
    {
      "time": 54.683,
      "lane": 3
    },
    {
      "time": 54.938,
      "lane": 0
    },
    {
      "time": 55.217,
      "lane": 2
    },
    {
      "time": 56.541,
      "lane": 2
    },
    {
      "time": 56.796,
      "lane": 3
    },
    {
      "time": 57.051,
      "lane": 1
    },
    {
      "time": 57.307,
      "lane": 0
    },
    {
      "time": 57.585,
      "lane": 1
    },
    {
      "time": 58.096,
      "lane": 2
    },
    {
      "time": 58.096,
      "lane": 3
    },
    {
      "time": 58.63,
      "lane": 2
    },
    {
      "time": 58.886,
      "lane": 0
    },
    {
      "time": 59.699,
      "lane": 0
    },
    {
      "time": 59.954,
      "lane": 3
    },
    {
      "time": 60.999,
      "lane": 3
    },
    {
      "time": 61.51,
      "lane": 0
    },
    {
      "time": 61.788,
      "lane": 0
    },
    {
      "time": 62.299,
      "lane": 1
    },
    {
      "time": 62.833,
      "lane": 0
    },
    {
      "time": 63.367,
      "lane": 3
    },
    {
      "time": 63.878,
      "lane": 3
    },
    {
      "time": 64.157,
      "lane": 2
    },
    {
      "time": 64.668,
      "lane": 1
    },
    {
      "time": 64.668,
      "lane": 3
    },
    {
      "time": 65.202,
      "lane": 0
    },
    {
      "time": 65.202,
      "lane": 3
    },
    {
      "time": 65.457,
      "lane": 0
    },
    {
      "time": 65.736,
      "lane": 1
    },
    {
      "time": 66.781,
      "lane": 1
    },
    {
      "time": 67.036,
      "lane": 0
    },
    {
      "time": 67.315,
      "lane": 0
    },
    {
      "time": 68.36,
      "lane": 3
    },
    {
      "time": 69.939,
      "lane": 1
    },
    {
      "time": 70.194,
      "lane": 3
    },
    {
      "time": 70.705,
      "lane": 0
    },
    {
      "time": 70.705,
      "lane": 2
    },
    {
      "time": 71.239,
      "lane": 2
    },
    {
      "time": 71.239,
      "lane": 3
    },
    {
      "time": 71.517,
      "lane": 1
    },
    {
      "time": 71.773,
      "lane": 2
    },
    {
      "time": 72.028,
      "lane": 0
    },
    {
      "time": 72.562,
      "lane": 3
    },
    {
      "time": 72.818,
      "lane": 1
    },
    {
      "time": 73.073,
      "lane": 2
    },
    {
      "time": 73.607,
      "lane": 1
    },
    {
      "time": 73.863,
      "lane": 2
    },
    {
      "time": 74.141,
      "lane": 1
    },
    {
      "time": 74.397,
      "lane": 0
    },
    {
      "time": 74.931,
      "lane": 2
    },
    {
      "time": 75.442,
      "lane": 2
    },
    {
      "time": 75.697,
      "lane": 1
    },
    {
      "time": 76.765,
      "lane": 3
    },
    {
      "time": 77.81,
      "lane": 1
    },
    {
      "time": 78.065,
      "lane": 3
    },
    {
      "time": 78.344,
      "lane": 2
    },
    {
      "time": 78.6,
      "lane": 3
    },
    {
      "time": 79.134,
      "lane": 2
    },
    {
      "time": 79.389,
      "lane": 3
    },
    {
      "time": 79.644,
      "lane": 0
    },
    {
      "time": 79.923,
      "lane": 0
    },
    {
      "time": 80.179,
      "lane": 1
    },
    {
      "time": 80.434,
      "lane": 1
    },
    {
      "time": 80.713,
      "lane": 3
    },
    {
      "time": 81.223,
      "lane": 0
    },
    {
      "time": 81.223,
      "lane": 2
    },
    {
      "time": 81.502,
      "lane": 1
    },
    {
      "time": 81.757,
      "lane": 2
    },
    {
      "time": 82.013,
      "lane": 0
    },
    {
      "time": 82.013,
      "lane": 2
    },
    {
      "time": 82.292,
      "lane": 3
    },
    {
      "time": 82.547,
      "lane": 2
    },
    {
      "time": 83.847,
      "lane": 0
    },
    {
      "time": 84.126,
      "lane": 1
    },
    {
      "time": 84.405,
      "lane": 2
    },
    {
      "time": 84.66,
      "lane": 1
    },
    {
      "time": 84.66,
      "lane": 2
    },
    {
      "time": 84.915,
      "lane": 1
    },
    {
      "time": 84.915,
      "lane": 2
    },
    {
      "time": 87.284,
      "lane": 0
    },
    {
      "time": 87.795,
      "lane": 3
    },
    {
      "time": 88.329,
      "lane": 0
    },
    {
      "time": 88.863,
      "lane": 3
    },
    {
      "time": 89.118,
      "lane": 2
    },
    {
      "time": 89.652,
      "lane": 1
    },
    {
      "time": 90.163,
      "lane": 0
    },
    {
      "time": 90.697,
      "lane": 1
    },
    {
      "time": 90.953,
      "lane": 0
    },
    {
      "time": 91.231,
      "lane": 0
    },
    {
      "time": 91.487,
      "lane": 3
    },
    {
      "time": 92.021,
      "lane": 2
    },
    {
      "time": 92.532,
      "lane": 2
    },
    {
      "time": 93.066,
      "lane": 0
    },
    {
      "time": 93.066,
      "lane": 2
    },
    {
      "time": 93.321,
      "lane": 2
    },
    {
      "time": 93.855,
      "lane": 1
    },
    {
      "time": 94.366,
      "lane": 1
    },
    {
      "time": 94.9,
      "lane": 3
    },
    {
      "time": 95.155,
      "lane": 1
    },
    {
      "time": 95.155,
      "lane": 3
    },
    {
      "time": 95.434,
      "lane": 0
    },
    {
      "time": 95.689,
      "lane": 1
    },
    {
      "time": 95.689,
      "lane": 3
    },
    {
      "time": 95.968,
      "lane": 3
    },
    {
      "time": 96.734,
      "lane": 0
    },
    {
      "time": 96.734,
      "lane": 2
    },
    {
      "time": 97.268,
      "lane": 1
    },
    {
      "time": 97.524,
      "lane": 1
    },
    {
      "time": 98.058,
      "lane": 1
    },
    {
      "time": 98.058,
      "lane": 3
    },
    {
      "time": 98.592,
      "lane": 1
    },
    {
      "time": 99.103,
      "lane": 2
    },
    {
      "time": 99.637,
      "lane": 1
    },
    {
      "time": 99.892,
      "lane": 0
    },
    {
      "time": 100.426,
      "lane": 1
    },
    {
      "time": 100.937,
      "lane": 1
    },
    {
      "time": 101.471,
      "lane": 0
    },
    {
      "time": 101.727,
      "lane": 3
    },
    {
      "time": 102.261,
      "lane": 0
    },
    {
      "time": 102.795,
      "lane": 2
    },
    {
      "time": 103.05,
      "lane": 2
    },
    {
      "time": 103.329,
      "lane": 2
    },
    {
      "time": 103.84,
      "lane": 2
    },
    {
      "time": 104.095,
      "lane": 0
    },
    {
      "time": 104.35,
      "lane": 3
    },
    {
      "time": 104.606,
      "lane": 1
    },
    {
      "time": 104.606,
      "lane": 3
    },
    {
      "time": 105.14,
      "lane": 1
    },
    {
      "time": 105.14,
      "lane": 3
    },
    {
      "time": 105.674,
      "lane": 3
    },
    {
      "time": 105.929,
      "lane": 2
    },
    {
      "time": 106.463,
      "lane": 3
    },
    {
      "time": 106.974,
      "lane": 0
    },
    {
      "time": 106.974,
      "lane": 2
    },
    {
      "time": 107.253,
      "lane": 3
    },
    {
      "time": 107.508,
      "lane": 1
    },
    {
      "time": 107.764,
      "lane": 0
    },
    {
      "time": 109.087,
      "lane": 0
    },
    {
      "time": 109.366,
      "lane": 2
    },
    {
      "time": 109.621,
      "lane": 0
    },
    {
      "time": 109.621,
      "lane": 1
    },
    {
      "time": 109.877,
      "lane": 2
    },
    {
      "time": 110.132,
      "lane": 3
    },
    {
      "time": 110.666,
      "lane": 0
    },
    {
      "time": 111.177,
      "lane": 2
    },
    {
      "time": 111.456,
      "lane": 3
    },
    {
      "time": 112.245,
      "lane": 0
    },
    {
      "time": 112.501,
      "lane": 1
    },
    {
      "time": 113.546,
      "lane": 0
    },
    {
      "time": 114.08,
      "lane": 3
    },
    {
      "time": 114.358,
      "lane": 0
    },
    {
      "time": 114.358,
      "lane": 1
    },
    {
      "time": 114.869,
      "lane": 1
    }
  ]
}